Municipio|CP|Dirección|Gasolina95|Gasoleo|Distancia
Ajalvir|28864|CARRETERA M-114 KM. 1|1,875|1,949|22.125547564904636
Álamo (El)|28607|PASEO AVILES, 2||1,790|32.61246605769828
Álamo (El)|28607|CARRETERA M-404 KM. 4,950|1,869|1,949|31.896326579961777
Álamo (El)|28607|CTRA. LOCAL M-404 km 3,640|1,857|1,767|31.338315947453147
Álamo (El)|28607|AVENIDA MADRID, 2|1,727|1,777|31.398045327957032
Alcalá de Henares|28801|CARRETERA DAGANZO KM. 3|1,769|1,759|27.966586574347044
Alcalá de Henares|28801|CALLE PERU, 31|1,739|1,709|27.35307048090888
Alcalá de Henares|28801|CALLE MEJICO, 17|1,769|1,759|27.459442443688364
Alcalá de Henares|28802|AVDA. PUERTA DE MADRID, 20|1,799|1,839|28.0622808043481
Alcalá de Henares|28802|CALLE AVENIDA MADRID ESQUINA CARLOS III, SN|1,789|1,829|26.3856809210159
Alcalá de Henares|28802|N-II km 29,000|1,819|1,879|27.5427671813734
Alcalá de Henares|28802|N-II km 29,000|1,819|1,879|27.468451304203466
Alcalá de Henares|28805|VÍA VIA COMPLUTENSE ESQ. C/ AVILA, N|1,809|1,839|30.6500644814577
Alcalá de Henares|28805|CARRETERA ANTIGUA N-II KM. 26,00|1,869|1,929|24.696204188708183
Alcalá de Henares|28805|CARRETERA M-300 KM. 26,4|1,869|1,929|25.12129099583403
Alcalá de Henares|28805|VÍA COMPLUTENSE, 105|1,809|1,839|30.057212428131912
Alcalá de Henares|28805|CR M-300, 30.3|1,855|1,939|24.65997203367987
Alcalá de Henares|28805|CR M-300 (PG.MATILLAS-PARC.A1), P.K|1,869|1,949|26.42222254251103
Alcalá de Henares|28805|AVENIDA GUADALAJARA, 29|1,865|1,939|29.635418779411058
Alcalá de Henares|28805|POLIGONO ESPARTALES SUR, C/ FEDERICO GARCIA LORCA,, S/N|1,839|1,849|29.313434838091485
Alcalá de Henares|28805|VÍA COMPLUTENSE, 41|1,869|1,909|29.261934772829164
Alcalá de Henares|28805|AVENIDA VIA COMPLUTENSE, 165|1,849|1,939|31.153322014254808
Alcalá de Henares|28805|C.C. LA DEHESA, AUTOVIA MADRID-BARCELONA km 34,0|1,707|1,699|32.59395069608856
Alcalá de Henares|28805|AVENIDA DE MADRID, 60|1,717|1,777|26.206106194214133
Alcalá de Henares|28806|CALLE ISAAC NEWTON, 155|1,779|1,769|27.237796478727454
Alcalá de Henares|28806|AVENIDA JUAN CARLOS I, 44|1,869|1,939|26.339863785324933
Alcalá de Henares|28806|CARRETERA AJARVIL-ALCALA (PG 32C PARCELA26A) KM. S/N|1,839|1,899|27.587243922735542
Alcalá de Henares|28806|AVENIDA DAGANZO, 12|1,839|1,899|28.103818472817277
Alcalá de Henares|28806|AVENIDA JUAN CARLOS I, S/N|1,869|1,949|26.015107907975654
Alcalá de Henares|28806|CARRETERA M-300 (MARGEN IZQUIERDO) KM. 26,9|1,859|1,935|25.544750521626916
Alcalá de Henares|28806|POLIGONO LA GARENA, AV. EUROPA, S/N, S/N|1,769|1,739|27.80938862137419
Alcalá de Henares|28806|CALLE VILLAMALEA, 2|1,809|1,839|30.792042844340777
Alcalá de Henares|28806|CARRETERA DAGANZO KM. 5|1,769|1,759|27.936550578686617
Alcobendas|28100|CALLE VALGRANDE, 30|1,799|1,799|14.813493633105056
Alcobendas|28100|CARRETERA ANTIGUA NACIONAL I KM. 15,5|1,889|1,949|14.348558199165385
Alcobendas|28100|AVENIDA VALDELAPARRA (DE), 5|1,889|1,949|15.634313509331513
Alcobendas|28100|PASEO ALCOBENDAS (DE), 10|1,889|1,955|14.442014038124398
Alcobendas|28100|CL AVENIDA DE ESPAÑA, S.N.|1,899|1,959|15.959640618163938
Alcobendas|28100|CR M-603, 14,1|1,889|1,959|13.305811420188466
Alcobendas|28100|AVENIDA EUROPA (C.C. LA MORALEJA), 13/15|1,919|1,945|12.640506028943358
Alcobendas|28100|CARRETERA M-603 KM. 14,900|1,879|1,929|13.701646343229061
Alcobendas|28100|AVENIDA VALDELAPARRA, 3|1,869|1,909|14.79771268161706
Alcobendas|28100|CARRETERA A-1 KM. 14,500|1,849|1,899|13.684213010422813
Alcobendas|28100|AVENIDA MONTE DE VALDELATAS, 5|1,879|1,949|13.533397068497953
Alcobendas|28100|CALLE MARQUES DE LA VALDAVIA (DEL), 138|1,879|1,949|15.616006704779345
Alcobendas|28100|CARRETERA BARAJAS KM. S/N|1,879|1,949|15.186586594977404
Alcobendas|28100|AVENIDA MARQUES DE LA VALDAVIA, 132|1,797|1,799|15.61225804579189
Alcobendas|28108|CALLE VALGRANDE, 11|1,797|1,799|14.556513342084648
Alcobendas|28108|AVENIDA OLIMPICA, 9|1,819|1,849|14.744276857125696
Alcobendas|28108|CALLE FRANCISCO GERVAS, 13|1,819|1,879|14.216865478079455
Alcobendas|28108|CL BOULEVARD SALVADOR ALLENDE, 12-1|1,885|1,949|15.065813698499422
Alcobendas|28108|BULEVAR SALVADOR ALLENDE (DE), 13|1,885|1,949|15.079597663073962
Alcobendas|28108|CARRETERA FUENCARRAL KM. 100|1,819|1,789|12.774907981710085
Alcobendas|28109|PLAZA MORALEJA S/N, S/N|1,899|1,959|12.30441931885909
Alcorcón|28921|CARRETERA SAN MARTIN DE VALDEIGLESIAS KM. 0,300|1,899|1,899|12.616616367132359
Alcorcón|28921|CALLE POLVORANCA, 158|1,859|1,879|12.931110147885375
Alcorcón|28922|CARRETERA ALCORCON-S.M.VALDEIGL. KM. 1,5|1,869|1,929|13.527948290265007
Alcorcón|28922|CARRETERA ALCORCON-S.M.VALDEIGLESIAS KM. 1,5|1,869|1,929|13.535575651636327
Alcorcón|28922|AVENIDA MOSTOLES, 16|1,869|1,929|16.083333736229747
Alcorcón|28922|CR MOSTOLES-FUENLABRADA,  KM.4|1,869|1,929|16.02788904674408
Alcorcón|28922|CR M-506 MOSTOLES-FUENLABRADA KM. 4|1,869|1,929|16.106122085682692
Alcorcón|28922|AVENIDA EUROPA, S/N|1,719|1,749|15.105098737389838
Alcorcón|28922|CALLE CAMINO LEGANES, 55|1,889|1,939|16.149210792358414
Alcorcón|28922|CALLE DUBLIN, 4|1,914|1,929|13.684268015129406
Alcorcón|28925|AV  DE MOSTOLES, Nº 6|1,859|1,915|13.465602746483965
Alcorcón|28925|CL AVDA DEL PINAR, S.N.|1,909|1,959|11.83575660979881
Alcorcón|28925|CL MAZO,  S/N|1,869|1,929|12.05239710321404
Alcorcón|28925|AVENIDA DE LOS CASTILLOS, 9|1,894|1,914|11.632215522747133
Alcorcón|28925|CARRETERA M-506 KM. 4|1,809|1,849|16.102612754165794
Alcorcón|28925|CARRETERA M 506 KM. 4,900|1,809|1,849|16.054727209376466
Alcorcón|28925|AVENIDA TRANVIA, 4|1,829|1,849|12.695817083662337
Alcorcón|28925|CALLE ALPEDRETE, 12|1,859|1,859|12.388115709123529
Alcorcón|28924|CTRA. N-V km 12,5|1,799|1,799|12.226005376663297
Alcorcón|28924|CALLE LAGUNA, 2|1,889|1,939|12.024193956625943
Alcorcón|28095|CALLE PARAGUAY ESQUINA AVENIDA DE AMERICA, SN|1,799|1,789|12.798784104044346
Alcorcón|28095|CALLE LAGUNA, 88|1,799|1,799|13.642024137619186
Alcorcón|28095|CALLE LAGUNA, 36|1,899|1,949|12.962318201922365
Alcorcón|28095|AVENIDA SAN MARTIN DE VALDEIGLESIAS, 9|1,767|1,757|12.673713578431453
Alcorcón|28095|CALLE TELECOMUNICACIONES, 2|1,829|1,799|13.329600679627392
Alcorcón|28923|CALLE EBANISTAS, 2|||12.119105951877572
Alcorcón|28923|CALLE POLVORANCA, 65|1,799|1,799|12.901382409222883
Alcorcón|28923|CALLE EBANISTAS,, 2|1,899|1,949|12.115516050082743
Alcorcón|28923|CALLE FRAGUAS, 1|1,899|1,899|12.724723904282202
Aldea del Fresno|28620|CARRETERA M-507 KM. 16,8|1,869|1,925|43.874570583652385
Algete|28110|CALLE PELAYA (DE LA), 1|1,789|1,789|23.633137034232107
Algete|28110|CARRETERA M - 106 KM. 3,100|1,899|1,869|23.417796018119123
Algete|28110|CARRETERA M-106 KM. 3,100|1,899|1,869|23.39389332095012
Algete|28110|CR ALGETE KM  5,80|1,869|1,909|25.90375613534659
Algete|28110|CALLE MAYOR, 63|1,809|1,809|26.065424131533266
Alpedrete|28430|CALLE PUERTA DE ABAJO, 57|1,749|1,729|38.8464809531351
Alpedrete|28430|CALLE PUERTA DE ABAJO, 20|1,779|1,809|38.9676345310218
Alpedrete|28430|CALLE PRIMAVERA, 94|1,859|1,905|38.941900586829775
Aranjuez|28300|AUTOVIA N-IV KM. 48,700|1,869|1,915|43.4393658718977
Aranjuez|28300|CARRETERA MADRID CADIZ KM. 11|1,789|1,849|41.83309053567093
Aranjuez|28300|AVENIDA ANDALUCIA, 115|1,809|1,839|43.28039606779394
Aranjuez|28300|CARRETERA M-305 KM. 5|1,869|1,929|38.22172550007517
Aranjuez|28300|CALLE REINA (DE LA), 20|1,809|1,839|42.176405033371566
Aranjuez|28300|PASEO DELEITE (DEL), 13|1,799|1,817|43.42761203115038
Arganda del Rey|28500|CARRETERA M-832 KM. 3|1,872|1,942|20.496371203941987
Arganda del Rey|28500|AVENIDA MADRID (DE), SN|1,769|1,759|20.548819359971652
Arganda del Rey|28500|CAMINO SAN MARTIN DE LA VEGA, 8|1,779|1,769|23.357716844929794
Arganda del Rey|28500|AVENIDA MADRID (DE), 66|1,769|1,759|22.560474975378337
Arganda del Rey|28500|CARRETERA M-832 KM. 3|1,872|1,942|20.542398742285254
Arganda del Rey|28500|AVENIDA DE MADRID, 37|1,869|1,929|22.68769303424594
Arganda del Rey|28500|AVENIDA EJERCITO (DEL), 44|1,869|1,929|23.881597010781356
Arganda del Rey|28500|AVENIDA VALDEARGANDA, 8|1,874|1,955|23.4024345963952
Arganda del Rey|28500|CAMINO CAMINO DE SAN MARTÍN DE LA VEGA A ARGANDA, 2|1,779|1,769|23.6093360317293
Arganda del Rey|28500|AVENIDA FINANZAUTO (DE), 2|1,779|1,759|22.18588967533894
Arganda del Rey|28500|AVDA DE MADRID, 103|1,869|1,919|21.12708373095866
Arganda del Rey|28500|AVENIDA DE MADRID, 126|1,809|1,809|21.035801402995066
Arroyomolinos|28939|CALLE FRESADORES (DE), 7|1,819|1,789|21.5417404634199
Arroyomolinos|28939|CR A-5, 23.5|1,879|1,919|22.66507911114224
Arroyomolinos|28939|FRESADORES, 19|1,839|1,819|21.668330938054336
Becerril de la Sierra|28490|CARRETERA M-623 KM. 1,5|1,818|1,928|40.78700466345407
Boadilla del Monte|28660|CARRETERA M-511 KM. 6,5|1,874|1,929|12.729598278539498
Boadilla del Monte|28660|CALLE CONDESA DE CHINCHÓN, 37|1,864|1,919|16.808885022460903
Boadilla del Monte|28660|CTRA. MV-5113; P.K. 1,800|1,864|1,919|17.023969269709198
Boadilla del Monte|28660|CTRA. MV-5113; P.K. 1,800|1,864|1,919|16.994926407815075
Boalo (El)|28412|CTRA. 607 (DE COLMENAR A NAVACERRADA) km 48,2|1,839|1,909|37.54167474200487
Brunete|28690|CALLE REAL DE SAN SEBASTIAN, 68|1,829|1,849|25.503689053217634
Brunete|28690|CARRETERA M-501 KM. 17,2|1,869|1,915|25.251919007192445
Buitrago del Lozoya|28730|PLAZA HUERTA DE LAS FLORES, 2|1,879|1,919|65.57119385251693
Buitrago del Lozoya|28730|CL AVENIDA MADRID, S.N. (N-1 km 74,7)|1,875|1,905|64.36034735442874
Bustarviejo|28720|CARRETERA CABANILLAS A BUSTARVIEJO KM. 5,320|1,865|1,929|47.75325904716464
Cabrera (La)|28751|AVDA. GENERALISIMO,12|1,869|1,899|50.18060013315834
Cabrera (La)|28751|AVENIDA AVDA. DE LA CABRERA S/N JUNTO AL HOSTAL EL CANCHO DEL AGUILA (A-1 KM 60), S/N|1,869|1,899|52.3936183893336
Cadalso de los Vidrios|28640|PLAZA FUENTE DE LOS ALAMOS, 12|1,869|1,919|64.78513528738388
Campo Real|28510|CALZADA M 209, 4|1,875|1,959|26.03918722301157
Casarrubuelos|28978|CALLE INMACULADA, 43|1,869|1,929|28.709205580014036
Cercedilla|28470|CARRETERA M 622 (CARRETERA GUADARRAMA A LA FUENFRIA) KM. 7,200|1,845|1,939|47.889804286844985
Chinchón|28370|CARRETERA M-311 KM. 19,4|1,859|1,899|36.83326697732777
Ciempozuelos|28350|CALLE DEL CEDRO, 5|1,799|1,816|27.602663668180064
Ciempozuelos|28350|CARRETERA M-414 KM. 42,100|1,909|1,904|28.747936174794262
Ciempozuelos|28350|CALLE ALAMO, 49|1,849|1,879|27.652328401379854
Ciempozuelos|28350|CARRETERA N-IV KM33 KM. 33|1,869|1,919|30.864967902320707
Ciempozuelos|28350|CARRETERA M-404 KM. 39,8|1,829|1,849|27.618187909147164
Cobeña|28863|AVENIDA RIO DUERO, 1|1,869|1,849|22.68431869484346
Cobeña|28863|CARRETERA M-103 KM. 6,207|1,869|1,849|24.418227275304254
Cobeña|28863|CARRETERA M-103 KM. 6,210|1,899|1,899|24.375410688661052
Collado Mediano|28450|AVENIDA BUENOS AIRES, SN|1,829|1,879|41.10474920684379
Collado Villalba|28400|C/ ESCOFINA S/N|1,759|1,799|36.862747521594
Collado Villalba|28400|CALLE ESCOFINA, 17|1,819|1,889|36.72960810945402
Collado Villalba|28400|CARRETERA N-VI KM. 43,2|1,799|1,839|39.43854836545782
Collado Villalba|28400|AUTOPISTA VIA DE SERVICIO M.D. KM. 38,300|1,809|1,869|35.30608030284891
Collado Villalba|28400|AVENIDA JUAN CARLOS I, 3|1,809|1,869|34.90266454468744
Collado Villalba|28400|AVENIDA JUAN CARLOS I, 46|1,829|1,879|37.140507578391784
Collado Villalba|28400|CALLE AZUELA, 73|1,676|1,677|36.90792674876693
Collado Villalba|28400|CALLE CALLE POLÍGONO 5, 20|1,727|1,767|36.56607415786002
Collado Villalba|28400|CALLE ESCOFINA, 3|1,677|1,697|36.87569670528776
Collado Villalba|28400|AUTOPISTA AP-6 (MRG.IZDO.) KM. 42,3|1,854|1,915|39.06236324337123
Collado Villalba|28400|CR M-601 1,0 (M-601 km 1,00)|1,849|1,899|37.32639869412428
Collado Villalba|28400|CALLE REAL, 2|1,845|1,909|35.67290664271262
Collado Villalba|28400|CARRETERA NAVACERRADA KM. 1,33|1,849|1,899|37.58580472069842
Collado Villalba|28400|AVENIDA JUAN CARLOS I, 24|1,677|1,697|36.29172134362409
Collado Villalba|28400|CALLE AZUELA, 62|1,727|1,767|36.93189820123422
Collado Villalba|28400|CALLE MATADERO, CARREFOUR LOS VALLES, S/N|1,719|1,824|36.7560423031449
Colmenar de Oreja|28380|CL MADRID, 1|1,845|1,949|41.845367931708466
Colmenar del Arroyo|28213|CR M-501, 34,1|1,779|1,799|40.5139882655018
Colmenar del Arroyo|28213|AUTOVIA M-501 KM. 34,1|1,845|1,919|40.539681037418305
Colmenar Viejo|28770|CR M-607, 28,2|1,845|1,899|25.774017250198025
Colmenar Viejo|28770|CARRETERA M-607 KM. 29,8|1,845|1,899|27.206268112923375
Colmenar Viejo|28770|AVENIDA DE LA LIBERTAD, S/N|1,845|1,899|28.68190923306713
Colmenar Viejo|28770|AUTOVIA A-1 KM. 29,1|1,884|1,939|26.36795351832954
Colmenar Viejo|28770|PASEO DE LA HERMITA DE STA. ANA, 2|1,799|1,849|27.80804106310231
Colmenar Viejo|28770|AVENIDA DE LOS REYES, 2|1,765|1,779|27.974446793138085
Colmenar Viejo|28770|CALLE CERRO SAN PEDRO, 4|1,799|1,799|28.67046574540106
Colmenar Viejo|28770|CR M-607, 28|1,809|1,829|25.695694255553544
Colmenar Viejo|28770|CALLE C.C. ALCAMPO, C/. TEJERA, 2|1,798|1,798|28.214507716682846
Colmenar Viejo|28770|AVENIDA LIBERTAD (DE LA), 64|1,819|1,869|28.18020847875858
Coslada|28820|AVENIDA JARAMA (DEL), 17|1,759|1,799|13.610725640392786
Coslada|28820|AVENIDA SAN PABLO, 29|1,749|1,799|14.079286319735445
Coslada|28820|CL AVENIDA DE LA CONSTITUCION, 3|1,885|1,929|9.951171650218757
Coslada|28820|AVENIDA SAN PABLO, 32|1,865|1,959|13.793839753604573
Coslada|28820|AVENIDA CONSTITUCION (DE LA), 28|1,839|1,899|10.138706823649935
Coslada|28820|AVDA. JOSE GARATE, 2|1,875|1,925|12.101214876880448
Coslada|28820|AVENIDA SAN PABLO, 26|1,869|1,929|13.883287712235575
Coslada|28820|AVENIDA CONSTITUCION, 30|1,869|1,929|10.20943402347157
Coslada|28820|AVENIDA SAN PABLO (DE), 39|1,799|1,839|13.837656571222702
Coslada|28821|AVENIDA ESPAÑA, 118|1,869|1,929|11.649355488625364
Coslada|28821|CALLE RIOJA, 23|1,869|1,909|11.684137996237723
Coslada|28821|CALLE RIOJA, 20|1,869|1,909|11.813062175886081
Coslada|28821|AVENIDA SAN PABLO,ESQUINA C/INGENIERO FERNANDEZ, 40|1,799|1,839|13.68646126439513
Coslada|28821|AVENIDA DEL JARAMA, 19|1,799|1,839|13.759677779357618
Daganzo de Arriba|28814|CALLE FRANKLIN, 1|1,799|1,849|24.29222465290853
Daganzo de Arriba|28814|CR M-100, 10,1|1,865|1,909|25.05378003674068
Daganzo de Arriba|28814|POLIGONO LOS FRAILES, 133|1,769|1,759|24.55965642834826
Escorial (El)|28280|AVENIDA FELIPE II, 9|1,845|1,899|41.87590098015102
Escorial (El)|28280|CALLE ESTACION, 40|1,637|1,637|37.25747427361389
Estremera|28595|CARRETERA M222 KM. 19|1,849|1,889|55.009000344141626
Fuenlabrada|28945|C/ LEGANES Nº 62|1,869|1,929|15.02546364919401
Fuenlabrada|28945|CALLE CONSTITUCION, 81|1,789|1,789|16.1267614128312
Fuenlabrada|28945|Avda de la Hispanidad 20|1,809|1,869|15.687064437088376
Fuenlabrada|28946|CARRETERA N-401 KM. 17,400|1,779|1,849|16.932468354583612
Fuenlabrada|28946|CALLE CONSTITUCION (DE LA), 100|1,789|1,789|16.27148979658049
Fuenlabrada|28946|CARRETERA M-506 KM. 16,300|1,739|1,799|16.087829386949544
Fuenlabrada|28946|CARRETERA A-42 KM. 18,7|1,879|1,909|17.701816211628934
Fuenlabrada|28944|CALLE LUIS SAUQUILLO, 131|1,719|1,719|18.297299146132872
Fuenlabrada|28944|CALLE ANETO, 1|1,717|1,717|17.19174244938484
Fuenlabrada|28944|CALLE LUIS SAUQUILLO, 92|1,809|1,869|17.737572562537387
Fuenlabrada|28944|CALLE ALMANZOR, 11|1,945|1,925|17.663936898196482
Fuenlabrada|28947|AVENIDA LA CANTUEÑA, 8|||16.45375120505913
Fuenlabrada|28947|CALLE ARGANZA, 5|1,839|1,839|16.15429664811163
Fuenlabrada|28947|AVENIDA DE LA CANTUEÑA, 8|1,789|1,789|16.443425475557657
Fuenlabrada|28940|CARRETERA A-42 KM. 18,7|1,879|1,909|17.805211874668014
Fuenlabrada|28940|CR M-506, 15,6|1,875|1,949|15.95570099371711
Fuenlabrada|28940|CR M-506, 18|1,865|1,939|16.525443684251055
Fuenlabrada|28940|CC. LORANCA ALCAMPO FUENLABRADA (AV. PABLO IGLESIAS, S/N, CIUDAD LORANCA)|1,719|1,749|16.704319821506296
Fuenlabrada|28940|CALLE MÓSTOLES, 1|1,868|1,928|16.506201166209514
Fuenlabrada|28942|CALLE ENEBRO, 17|1,719|1,749|16.557976623872467
Fuenlabrada|28941|CALLE CL MOSTOLES 61, 61|1,869|1,929|16.326526732579374
Fuenlabrada|28912|CALLE LUIS SAUQUILLO, 86|1,719|1,719|17.491789504543366
Fuente el Saz de Jarama|28140|CARRETERA M-117 KM. 3,100|1,809|1,809|32.86736026250551
Fuente el Saz de Jarama|28140|CAMINO VALDETORRES (DE), 1|1,889|1,949|29.355097853993268
Fuente el Saz de Jarama|28140|CALLE TORRELAGUNA, 78|1,889|1,989|30.093089518634006
Fuentidueña de Tajo|28597|CARRETERA N III KM. 68,500|1,869|1,899|61.11722892509135
Fuentidueña de Tajo|28597|AUTOVIA A-3 KM. 62,5|1,885|1,939|56.01295297157697
Galapagar|28260|CR M-510, 1,8|1,845|1,909|37.249899566693884
Galapagar|28260|CR M-505, 17,4|1,829|1,889|32.93668281189141
Galapagar|28260|CL CRTA. DE TORRELODONES, 10|1,829|1,869|32.038579244214006
Galapagar|28260|CALLE COLMENAREJO, 54|1,697|1,747|32.23120273790875
Galapagar|28260|CALLE GUADARRAMA, 70|1,807|1,836|33.05243500322192
Galapagar|28260|M-505 km 15,5|1,799|1,849|31.154240500398057
Getafe|28901|CALLE CALVARIO, 10|1,869|1,899|12.070169160893318
Getafe|28901|CARRETERA MADRID TOLEDO KM. 12|1,904|1,915|9.56492125558646
Getafe|28901|CARRETERA MADRID-TOLEDO KM. 10|1,894|1,915|9.359229746409412
Getafe|28905|AVDA ARCAS DE AGUA SN|1,839|1,859|13.53040629425386
Getafe|28905|CALLE MADRID, 143|1,865|1,889|10.281070660206995
Getafe|28905|CR  M-406 KM 10|1,869|1,929|11.323749809076066
Getafe|28904|CALLE FELIPE CALLEJA, S/N|1,849|1,869|11.566760142529153
Getafe|28903|CARRETERA A-42 KM. 13|1,869|1,929|12.500574324607319
Getafe|28903|CARRERA A-42, 13|1,869|1,929|12.45216318342226
Getafe|28903|CARRETERA MADRID - CADIZ KM. 12,5|1,894|1,915|10.50868863882979
Getafe|28903|CARRETERA MADRID - CADIZ KM. 12,5|1,894|1,915|10.410355535057574
Getafe|28903|AVENIDA DE LAS TRECE ROSAS, 6|1,869|1,915|10.196341840171488
Getafe|28909|CALLE HERREROS, 1|1,799|1,799|11.190686642587817
Getafe|28909|AVENIDA RIO GUADALQUIVIR, 11|1,849|1,899|15.383265501227058
Getafe|28906|CL DIESEL C/V Pº JOHN LENNON, S.N.|1,869|1,929|11.856448611934741
Getafe|28906|AVENIDA RÍO GUADALQUIVIR, 13|1,819|1,849|15.376246050904394
Getafe|28906|CALLE AGUSTIN DE BETANCOURT, 17|1,746|1,831|14.086532530038635
Getafe|28906|CALLE PITAGORAS, 1|1,859|1,889|12.4944840234001
Getafe|28906|AVENIDA RIO GUADALQUIVIR, 20|1,799|1,799|15.477049914618314
Getafe|28906|AUTOVIA A-4 KM. 14,3|1,864|1,915|12.536262204770773
Getafe|28906|AUTOVIA A-4 KM. 14,3|1,844|1,929|12.52868994112919
Getafe|28906|POLIGONO CENTRO LOGISTICO DE ABASTECIMIENTO-PARCELA, 13|1,885|1,939|14.83321747033035
Getafe|28906|CALLE FRANKLIN, 1|1,799|1,799|11.882259787114311
Getafe|28906|CALLE ERATOSTENES, 15||1,872|12.71070149301846
Getafe|28909|CALLE DIESEL, 9|1,923|1,923|12.546690540071557
Griñón|28971|M-404 km 17,8|1,889|1,889|26.738958497252856
Griñón|28971|AVENIDA HUMANES, 171||1,839|23.786677233353778
Guadalix de la Sierra|28794|CARRETERA TORRELAGUNA ? EL ESCORIAL KM. 3|1,885|1,949|41.67027991877023
Guadarrama|28440|PASEO MOLINO DEL REY, 4|1,864|1,915|43.920669434538624
Guadarrama|28440|CALLE LOS ESCORIALES, 5|1,849|1,899|44.01202615591811
Guadarrama|28440|CARRETERA N-VI KM. 48|1,858|1,929|43.96374246499536
Guadarrama|28440|PASEO MOLINO DEL REY, 39|1,747|1,777|43.443550820144736
Guadarrama|28440|CARRETERA M527 KM. 2,8||1,730|42.01783753307637
Horcajo de la Sierra|28755|N-1 km 87|1,949|1,889|76.88978366697154
Hoyo de Manzanares|28240|CALLE AMADEO VIVES, 2|1,879|1,895|28.119051495087213
Humanes de Madrid|28970|AVENIDA DE LAS FLORES, 2|1,869|1,929|19.67100215167158
Humanes de Madrid|28970|AVENIDA LA INDUSTRIA, S/N|1,839|1,919|18.022778518197335
Humanes de Madrid|28970|CARRETERA AVD.DE LA INDUSTRIA KM. 15|1,869|1,929|18.201219776237878
Humanes de Madrid|28970|CALLE TENERIFE (DE), 2|1,819||18.40743585194721
Humanes de Madrid|28970|CR M-405 (AV. FUENLABRADA)  0.5|1,839|1,879|20.22429439618343
Humanes de Madrid|28970|CARRETERA M-405 KM. 5,6|1,854|1,925|23.239793330893864
Humanes de Madrid|28970|CARRETERA M-405 KM. 6|1,854|1,925|22.85987240452534
Humanes de Madrid|28970|CL MADRID, 52|1,855|1,939|20.291261135708833
Humanes de Madrid|28970|CARRETERA AVENIDA  DE LA INDUSTRIA , 46 KM. 1,1|1,855|1,939|18.643902590073143
Humanes de Madrid|28970|AVENIDA FUENLABRADA, 6|1,719|1,719|19.761919830847113
Humanes de Madrid|28970|AVENIDA FUENLABRADA, 110|1,729|1,729|18.628954633395495
Leganés|28912|CALLE PUERTO NAVACERRADA, 1 - POLIGONO INDUSTRIAL PRADOVERA, 1|1,869|1,915|7.0181582792432495
Leganés|28912|AVENIDA FUENLABRADA, 16|1,879|1,969|10.396121380927253
Leganés|28911|AVENIDA LENGUA ESPAÑOLA, 24|1,869|1,915|9.838277236754209
Leganés|28911|AVENIDA LENGUA ESPAÑOLA, S/N|1,869|1,915|9.637827784726891
Leganés|28914|CALLE REY PASTOR, 16|1,799|1,819|10.061705378517907
Leganés|28914|CALLE MARC GENE, 2|1,879|1,949|12.999205295228679
Leganés|28914|CALLE CARLOS SAINZ, SN|1,889|1,869|11.72257487075497
Leganés|28914|CALLE CARLOS SAINZ, S/N|1,869|1,879|11.690201881565594
Leganés|28914|CARRETERA M-407 KM. 1800|1,869|1,929|15.201044888502851
Leganés|28914|CALLE SEVERO OCHOA ESQUINA CALLE JULIO PALACIOS, S/N|1,839|1,819|10.99251435843563
Leganés|28914|CALLE ARROYO DEL SOTO, 2|1,909|1,919|13.32179053803161
Leganés|28913|CARRETERA R-5 KM. 5,5|1,879|1,969|12.527920680562977
Leganés|28913|CARRETERA R-5 KM. 5,5|1,879|1,969|12.16784519290163
Leganés|28913|AVENIDA DR. MENDIGUCHIA GARRICHE, 40|1,899|1,939|10.902983108942676
Leganés|28914|CALLE CALLE DEL TRUENO, S/N|1,824|1,884|11.307683919318022
Leganés|28918|CALLE PEDRO LARA, 8||1,779|6.761791450551664
Leganés|28918|AVENIDA PUERTA DEL SOL, 2|1,849|1,879|9.200979530037538
Leganés|28917|CALLE SAN BERNARDO, S/N|1,885|1,929|9.106926526632176
Leganés|28917|CL ALAVA , S.N.|1,885|1,929|8.993186410928447
Leganés|28917|CALLE VIZCAYA, 17|1,799|1,819|8.955597364330385
Loeches|28890|CARRETERA M-300 KM. 13|1,875|1,959|24.313336315892975
Loeches|28890|AUTOPISTA AUTOPISTA R-3 LOECHES KM. 19,5|1,879|1,969|21.87803127839223
Loeches|28890|AUTOPISTA AUTOPISTA R-3 LOECHES KM. 19,5|1,879|1,969|21.69562197925932
Loeches|28890|CALLE CAÑADA DEL POZO, SN|1,764|1,799|23.4946699710388
Lozoya|28742|CARRETERA M-604 KM. 14,100|1,879|1,919|61.161338844220715
Lozoya|28742|CARRETERA M-604,KM.14.100 KM. 14,100|1,879|1,919|61.11887419575909
Lozoyuela-Navas-Sieteiglesias|28752|CTRA. N-I km 64,650|1,869|1,899|55.70124265879037
Lozoyuela-Navas-Sieteiglesias|28752|AUTOVIA N-1 KM. 65|1,899|1,939|55.502720523846385
Madrid|28008|PASEO MORET, 7|1,929|1,949|3.682933706142433
Madrid|28005|CALLE SEGOVIA C/V A PASEO VIRGEN DEL PUERTO, S/N|1,899|1,909|2.445042294756996
Madrid|28005|CL PASEO ACACIAS, 8|1,909|1,929|1.1953105141868745
Madrid|28005|RONDA SEGOVIA, 37|1,894|1,919|2.0696587721692117
Madrid|28015|CALLE ALBERTO AGUILERA, 9|1,899|1,939|2.572840084230967
Madrid|28015|CALLE BRAVO MURILLO, 012|1,899|1,939|2.9448772893216257
Madrid|28015|CALLE ALBERTO AGUILERA, 18|1,889|1,919|2.6069858948408244
Madrid|28012|BARRIO CENTRO-EMBAJADORES, 83|1,879|1,909|1.0379942009455496
Madrid|28012|GLORIETA EMBAJADORES, 0|1,889|1,935|0.9823931020759663
Madrid|28046|CL PASEO CASTELLANA, 276|1,869|1,929|7.265079021028481
Madrid|28055|GLORIETA JOSE LUIS FERNANDEZ DEL AMO, SN|1,899|1,919|9.406096550868265
Madrid|28055|AVENIDA FRANCISCO JAVIER SAENZ DE OIZA, ESQUINA GLORIETA JUAN DE HARO, 5|1,914|1,949|11.320129076091783
Madrid|28055|CALLE FRANCISCO UMBRAL, 2|1,914|1,949|9.19465303265786
Madrid|28045|PASEO SANTA MARIA DE LA CABEZA, 90|1,799|1,799|1.5506009472778408
Madrid|28045|CL PLAZA LEGAZPI, 9|1,899|1,929|2.047733631499832
Madrid|28045|CL ANCORA 39|1,909|1,929|0.808704277183466
Madrid|28045|PASEO SANTA MARIA DE LA CABEZA, 18|1,909|1,929|0.48701670312035167
Madrid|28031|CARRETERA M-203 KM. 0,28|1,875|1,919|8.852272436119911
Madrid|28031|CARRETERA M-203 KM. 0,28|1,875|1,919|8.719532711852857
Madrid|28031|CALLE REAL DE ARGANDA, 74|1,889|1,939|8.432640907162678
Madrid|28031|AVENIDA ENSANCHE DE VALLECAS, 2|1,864|1,915|7.513627047882391
Madrid|28031|AUTOVIA A-3 KM. 7,1|1,894|1,929|6.080053854162624
Madrid|28031|AUTOVIA A-3 KM. 7,1|1,894|1,929|6.115163366020481
Madrid|28031|CARRETERA VILLAVERDE A VALLECAS KM. 267|1,747|1,737|6.051572999716197
Madrid|28031|CAMINO POZO DEL TIO RAIMUNDO, 6|1,757|1,737|5.471528792475243
Madrid|28031|CALLE G, 2|1,789|1,799|6.107193936906579
Madrid|28031|CR A-3  MG IZDO, KM 11,2 km 11,200|1,869|1,929|9.533959335340452
Madrid|28031|CR A-3   MG DCHO, KM 11,2 km 11,200|1,869|1,929|9.532687647325604
Madrid|28031|CARRETERA N-III KM. 11,8|1,765|1,749|10.141847817104061
Madrid|28031|CL AVENIDA ALBUFERA, 319|1,863|1,913|5.837046761208407
Madrid|28031|CALLE GUADALCANAL, 36|1,819|1,809|6.097925911496333
Madrid|28031|CALLE SIERRA DE LA DEMANDA, 2|1,889|1,979|6.68117506581422
Madrid|28031|CARRETERA VILLAVERDE A VALLECAS KM. 248|1,899|1,989|6.027829232412097
Madrid|28031|CAMINO HORMIGUERAS, 153|1,757|1,737|5.922835394286034
Madrid|28031|CARRETERA DE VILLAVERDE A VALLECAS KM. 269|1,819|1,809|6.107083596531435
Madrid|28031|CALLE CERRO DEL MURMULLO, 1|1,849|1,849|10.43709621452358
Madrid|28031|CALLE CAMINO DE LAS HORMIGUERAS, 177|1,747|1,737|6.3706675591970665
Madrid|28007|CALLE CAVANILLES, 58|1,889|1,909|1.7684072484755027
Madrid|28007|AVENIDA CIUDAD DE BARCELONA, 61|1,884|1,915|1.6694723785364287
Madrid|28007|AV DOCTOR ESQUERDO, 153|1,899|1,929|1.9788822466058336
Madrid|28001|CALLE GOYA, 24|1,879|1,899|1.9038803761857042
Madrid|28016|CALLE RAMON Y CAJAL, 2|1,905|1,939|4.866105982530962
Madrid|28016|CL AVDA .ALFONSO XIII  ESQ.C/ COSTA|1,909|1,949|5.883518665356353
Madrid|28016|CALLE COLOMBIA C/V BOLIVIA, 1|1,879|1,915|5.448902769489668
Madrid|28016|AVENIDA PIO XII, 6|1,889|1,929|6.196209196800888
Madrid|28006|CL MARIA DE MOLINA, 21|1,899|1,929|3.219291560467385
Madrid|28006|CL PRINCIPE DE VERGARA  106|1,859|1,889|3.4060678527581887
Madrid|28028|AVENIDA DE LOS TOREROS, S/N|1,840|1,915|3.7999355250119082
Madrid|28028|CALLE BERLIN, S/N, S/N|1,840|1,919|4.267663281370524
Madrid|28028|PASEO MARQUES DE ZAFRA, 31|1,885|1,929|3.0090505438531605
Madrid|28028|CALLE DOCTOR GOMEZ ULLA, S/N|1,885|1,929|3.0712035848916006
Madrid|28036|CL MATEO INURRIA, 4|1,899|1,949|6.364914956441666
Madrid|28036|CL PASEO DE LA HABANA, 168|1,909|1,949|5.578597228657579
Madrid|28036|AVENIDA PÍO XII, 98|1,889|1,929|7.145663040144073
Madrid|28002|CALLE CORAZON DE MARIA, 11|1,899|1,929|4.0718217082680574
Madrid|28002|AV DOCTOR ARCE  30|1,859|1,889|4.394150720262964
Madrid|28002|CALLE SERRANO, 197|1,905|1,939|4.735625499094735
Madrid|28002|CALLE PRINCIPE DE VERGARA, 134|1,895|1,929|3.9761146821510778
Madrid|28002|CALLE CLARA DEL REY, 45|1,885|1,929|4.256145020812339
Madrid|28002|CALLE CORAZON DE MARIA, 76|1,899|1,929|5.715718370084854
Madrid|28002|PLAZA REPUBLICA ARGENTINA, 8|1,895|1,929|4.009502265264331
Madrid|28050|CALLE ABETAL, 8|1,909|1,959|10.530553552937459
Madrid|28050|CALLE PORTOMARIN, 25|||11.6735314659494
Madrid|28050|AVENIDA FRANCISCO PI Y MARGALL, 5|||9.817544137307863
Madrid|28050|CALLE MARIA DE PORTUGAL, 15|1,884|1,925|10.112859759535013
Madrid|28050|AVENIDA MANOTERAS, 34|1,869|1,979|9.008565152275779
Madrid|28039|CALLE OFELIA NIETO, 65|1,919|1,935|5.913422536268566
Madrid|28039|CALLE FRANCOS RODRIGUEZ, SN|1,909|1,949|5.65325367786337
Madrid|28039|CALLE OFELIA NIETO, 64|1,909|1,949|5.9146916286344435
Madrid|28003|CALLE CEA BERMUDEZ, 32|1,909|1,939|3.5463295542320887
Madrid|28003|PASEO SAN FRANCISCO DE SALES, 44|1,909|1,939|4.033086421676857
Madrid|28003|CL RIOS ROSAS, 1|1,899|1,939|3.7367665312158618
Madrid|28040|CR A-6, 8|1,889|1,939|7.899161249643185
Madrid|28040|CALLE ISAAC PERAL, S/N|1,909|1,939|4.02952142715248
Madrid|28020|CL GENERAL YAGUE, S.N.|1,905|1,939|5.188872112008878
Madrid|28020|CALLE BRAVO MURILLO, 229|1,874|1,864|5.338858718392704
Madrid|28020|CALLE BRAVO MURILLO, 358|1,859|1,849|6.13694844694107
Madrid|28029|CALLE SINESIO DELGADO, 15|1,899|1,939|7.1532720266466825
Madrid|28029|AVENIDA MONFORTE DE LEMOS, 10|1,895|1,939|7.812148248183478
Madrid|28029|CL MONFORTE DE LEMOS, 7|1,884|1,929|7.547011296846315
Madrid|28010|CALLE ALMAGRO, 9|1,895|1,929|2.1696890805513966
Madrid|28010|CALLE SANTA ENGRACIA, 82|1,899|1,939|3.1440147512895393
Madrid|28048|CARRETERA M-605 KM. 5|1,904|1,925|12.397284510520121
Madrid|28048|CARRETERA M-605 KM. 5|1,904|1,925|12.330604116368923
Madrid|28049|CARRETERA M-607 KM. 13|1,899|1,939|11.897308092506604
Madrid|28049|CARRETERA M-607 KM. 19|1,829|1,879|17.029901294746228
Madrid|28049|CARRETERA M-607 KM. 17,7|||17.045504266402723
Madrid|28034|CALLE CARDENAL HERRERA ORIA, 81|1,889|1,919|8.846765960880601
Madrid|28034|CARRETERA COLMENAR VIEJO KM. 10,5|1,880|1,950|10.049436729568768
Madrid|28034|CARRETERA COLMENAR VIEJO KM. 10,5|1,880|1,950|9.993316295195104
Madrid|28034|SAN GENJO, 2|1,879|1,899|8.237879370266507
Madrid|28034|CL NUESTRA SEÑORA DE VALVERDE, 175|1,895|1,939|10.444574010522873
Madrid|28034|CR M-607, 11,7|1,889|1,929|10.851424750668334
Madrid|28000|CALLE SAN DALMACIO, 13|1,767|1,767|7.3904609809323825
Madrid|28000|CARRETERA VILLAVERDE A VALLECAS KM. 283|1,747|1,737|6.172561324895892
Madrid|28000|CALLE GUADALCANAL, 39|1,879|1,989|6.144005553665307
Madrid|28000|CALLE SANTO DOMINGO, 10|1,889|1,939|11.000796411189784
Madrid|28000|AVENIDA DEMOCRACIA, 15|1,785|1,779|6.387359084589854
Madrid|28000|AVENIDA PRINCESA JUANA DE AUSTRIA, 91|1,828|1,818|8.810130976142371
Madrid|28000|CALLE JOSE PAULETE, |1,779|1,859|3.7131791435285426
Madrid|28000|AVENIDA LOS ROSALES, 15|1,757|1,767|4.692016790949014
Madrid|28023|CARRETERA DE LA CORUÑA KM 12 KM. |1,898|1,948|11.290918067985862
Madrid|28023|CALLE PIÑUECAR, 53|||8.455043689367784
Madrid|28023|CALLE SAGITARIO, 2|1,839|1,829|11.039865798699802
Madrid|28023|AVENIDA VICTORIA, 34|1,899|1,929|12.62108225362809
Madrid|28023|CARRETERA A6 KM. 11,6|1,864|1,919|11.076070111863642
Madrid|28035|CALLE ANTONIO MACHADO, S/N|1,884|1,949|6.52194833438649
Madrid|28035|GLORIETA MARIANO SALVADOR MAELLA, S/N|1,879|1,929|7.77196560735293
Madrid|28035|AVENIDA CARDENAL HERRERA ORIA, 290|1,909|1,939|8.193858459500671
Madrid|28035|AVENIDA VENTISQUERO DE LA CONDESA, |1,909|1,929|9.59657742958004
Madrid|28041|AVENIDA AVDA DE ANDALUCIA KM 7,1, S/N|1,829|1,849|5.244587215556835
Madrid|28041|CR N-4     P.K. 6,70 D|1,869|1,889|4.804983019253225
Madrid|28041|CR N-4     P.K. 6,70 I|1,869|1,889|4.748380393273074
Madrid|28041|CALLE EDUARDO BARREIROS, 114|1,739|1,739|6.048337387369064
Madrid|28041|CARRETERA CARABANCHEL A VILLAVERDE KM. 89|1,759|1,769|6.390362497770803
Madrid|28041|BARRIO AVENIDA VERBENA D ELA PALOMA, S/N|1,869|1,929|5.665187313180568
Madrid|28041|AVENIDA CORDOBA, 49|||3.5453917373071064
Madrid|28041|AVENIDA OROVILLA, 22|1,757|1,767|4.893289721126493
Madrid|28018|CALLE MARTINEZ DE LA RIVA, 119|1,899|1,919|3.5515821933895624
Madrid|28018|AVENIDA ENTREVIAS, S/N|1,885|1,919|4.128234357901292
Madrid|28018|CARRETERA M-602 KM. 1,3|1,859|1,919|6.162441276137062
Madrid|28018|CALLE MERCADRID PARCELA D-3, S/N|1,875|1,919|6.381487491349924
Madrid|28021|AVENIDA LOS ROSALES, 147|1,869|1,889|8.036051434908844
Madrid|28021|CALLE VALLE DE TOBALINA, 24|1,777|1,767|8.383138977670663
Madrid|28021|AVENIDA ANDALUCIA, 83|1,809|1,769|9.07581388757633
Madrid|28021|CALLE LA ACEBEDA, 1|1,777|1,767|7.956187525271098
Madrid|28021|CALLE RESINA, 4|1,767|1,767|8.133427112602217
Madrid|28021|AVENIDA REAL DE PINTO, 73|1,767|1,767|7.90805918375565
Madrid|28021|CALLE RAFAEL BOTI, 5|||11.163383865581636
Madrid|28021|CALLE LA ACEBEDA, 57|1,799|1,799|8.882629638477697
Madrid|28021|CARRETERA 403 KM. 2|1,844|1,849|9.093316424583495
Madrid|28021|CTRA.M-403 (GETAFE-VILLAVERDE) (MARGEN IZQUIERDO) km 2|1,844|1,849|9.164213333435761
Madrid|28021|CALLE HULLA, 22|1,849|1,899|7.835383003204432
Madrid|28021|AVENIDA REAL DE PINTO, 106|1,829|1,899|7.967281362024682
Madrid|28021|AVENIDA REAL DE PINTO, 156|1,809|1,819|8.803831652769931
Madrid|28033|CALLE TOMAS REDONDO, 10|1,909|1,929|8.689476493986444
Madrid|28033|CL CARRETERA CANILLAS, 150|1,909|1,919|7.803509378386349
Madrid|28033|PASEO DEL MAR CASPIO, S,N|1,889|1,929|8.199126762480988
Madrid|28033|AVENIDA SAN LUIS, 75|1,840|1,929|7.570391517118108
Madrid|28032|AVDA. DE LA DEMOCRACIA 62|1,894|1,929|6.663220344911513
Madrid|28032|AVDA. DEMOCRACIA, 41|1,894|1,929|6.621389023469124
Madrid|28032|CARRETERA VICALVARO A ESTACION DE O`DONNELL KM. 22|1,777|1,837|8.680085690277574
Madrid|28032|CALLE VERSALLES, 23|1,859|1,889|6.312014099824894
Madrid|28032|AVENIDA DAROCA,336|1,929|1,949|7.105704586791417
Madrid|28042|CL AVENIDA GENERAL, 22|1,924|1,969|11.751086924900275
Madrid|28042|CAMINO DEL CUARTEL, 9|1,874|1,944|11.640612211384362
Madrid|28042|ZONA PLATAFORMA AEROPUERTO BARAJAS T123, S/N|1,885|1,959|12.247391794119638
Madrid|28042|AVDA. DE LOGROÑO, 233|1,924|1,969|10.777284646193438
Madrid|28042|GLORIETA YUCATAN, S/N|1,884|1,925|7.215457506858229
Madrid|28042|M-40, PK 7.4 - ACCESO AL CAMPO DE LAS NACIONES, 2|1,904|1,939|8.47153542222471
Madrid|28042|CR N-2, 12,6|1,879|1,959|11.665073919775942
Madrid|28042|CR N-2, 12,6|1,875|1,949|11.551867843355646
Madrid|28042|AV HISPANIDAD, S.N.|1,895|1,959|11.667497626894388
Madrid|28042|ZONA AEROPUERTO DE BARAJAS, TERMINAL 2, S/N|1,885|1,959|11.934873183587916
Madrid|28042|ZONA AEROPUERTO DE BARAJAS, T4, S/N|1,885|1,959|13.786301207507169
Madrid|28042|AVENIDA HISPANIDAD, 44|1,885|1,959|12.598937980966616
Madrid|28011|PASEO EXTREMADURA, 300|1,919|1,919|5.857754249330819
Madrid|28011|AVDA. PORTUGAL, 16|1,904|1,919|4.318601897510332
Madrid|28038|AVENIDA ALBUFERA, 89|1,799|1,799|3.14853388808578
Madrid|28047|CALLE ALHAMBRA, 70|1,909|1,875|4.539067591959601
Madrid|28026|CALLE AVENIDA DE LOS POBLADOS, 167|1,819|1,859|4.31972050326718
Madrid|28026|CL ANTONIO LOPEZ, 244|1,849|1,899|2.917026682065427
Madrid|28026|AVDA. PRINCESA JUANA DE AUSTRIA KM 4,700 km 4.700|1,889|1,909|4.08298708611342
Madrid|28024|CR A-5, 9|1,885|1,939|8.97971698248924
Madrid|28024|CALLE SESEÑA, 40|1,869|1,879|6.232410316689544
Madrid|28024|AVENIDA PADRE PIQUER, S/N|1,909|1,875|6.575026446989821
Madrid|28024|CALLE FUENTE DE LIMA, 22|||8.133890407856871
Madrid|28025|CARRETERA A 42 KM. 5,9|1,869|1,929|5.194567566977019
Madrid|28025|PLAZA SETUBAL, 4|1,875|1,909|3.8824524023823375
Madrid|28025|AVENIDA DE LOS POBLADOS, 18|1,874|1,915|4.912855433173029
Madrid|28025|AVENIDA DE LOS POBLADOS, SN|1,799|1,849|5.838312529833828
Madrid|28044|AVENIDA GENERAL FANJUL, 1|1,869|1,915|6.424765113102537
Madrid|28044|CALLE REUS, 13|1,799|1,809|5.961944871408147
Madrid|28044|CALLE VIA DE LOS POBLADOS, 128|||4.495220688807515
Madrid|28044|CALLE MUGUET, 12|1,773|1,775|6.47902267927048
Madrid|28044|AVENIDA AVIACION, 32|1,879|1,909|7.74666458359496
Madrid|28044|CALLE REAL, 2|1,869|1,929|6.685450445226093
Madrid|28044|AVENIDA CARABANCHEL ALTO, 180|1,839|1,879|7.706456686795213
Madrid|28054|CALLE AGUACATE, 45|1,869|1,929|6.184645139711572
Madrid|28054|AVENIDA AVIACIÓN, 26|1,829|1,839|7.86762161960095
Madrid|28054|CALLE CALDERILLA, 1|1,818|1,817|6.218680569234316
Madrid|28054|AVENIDA PESETA, 6|1,879|1,909|7.679253319529396
Madrid|28054|CALLE HILARIO HERRANZ ESTABLOS, 20|1,849|1,874|5.131218059693035
Madrid|28054|CALLE SINFONIA, 9|1,799|1,809|8.128313159684744
Madrid|28019|GLORIETA VALLE DEL ORO, 10|1,885|1,919|4.006216870490058
Madrid|28019|AVENIDA OPORTO, SN|1,885|1,919|3.9937631359945187
Madrid|28019|CALLE ANTONIO LÓPEZ, 8|1,919|1,879|2.278564225313148
Madrid|28019|CALLE ANTONIO DE LEYVA, 87|1,859|1,879|3.2742648455102614
Madrid|28019|PS DE LA ERMITA DEL SANTO  S/N|1,869|1,929|3.4079697340854103
Madrid|28019|PASEO ERMITA DEL SANTO, 80|||3.556812504027689
Madrid|28022|CALLE FUEMBELLIDA, 3|||11.066936336647082
Madrid|28022|C/ CAMPEZO, 7 km CENTRO COMERCIAL M|1,809|1,839|10.144061001169506
Madrid|28022|AVENIDA CANILLEJAS A VICALVARO, 147|1,899|1,949|7.131713470081359
Madrid|28022|Niceto Alcalá Zamora 20|1,899|1,929|10.13935721147648
Madrid|28022|CALLE SOFIA, 36|1,899|1,819|8.073676242495345
Madrid|28053|CALLE MENDEZ ALVARO, S/N|||2.456994960046133
Madrid|28053|CARRETERA M-301 KM. 3,5|1,875|1,919|5.77069255068088
Madrid|28053|MONTE IGUELDO, 108|1,884|1,915|2.8474805308582276
Madrid|28053|AVENIDA EJE CENTRAL, 7|||5.999670093475125
Madrid|28051|AUTOPISTA M-50 KM. 34|1,875|1,949|11.518240167315168
Madrid|28051|AUTOVIA M-50 KM. 34|1,875|1,949|11.297967768957276
Madrid|28051|AUTOVIA A-3 KM. 14,3|1,875|1,949|12.76055387078017
Madrid|28051|AVENIDA MAYORAZGO, 20|1,799|1,859|6.922659194738263
Madrid|28051|CALLE ALTO DEL RETIRO, 2|1,899|1,949|10.082099060327865
Madrid|28051|CARRERA VALENCIA, KM, 14,800|1,859|1,879|13.169686994563593
Madrid|28051|CALLE ADOLFO BIOY CASARES 2, 2|1,829|1,879|9.007740908107001
Madrid|28030|CL GL.CORREGIDOR SANCHO DE CORD, S.|1,899|1,929|3.486464882268476
Madrid|28030|CALLE FUENTE CARRANTONA S/N, 6|1,899|1,929|4.918314592831779
Madrid|28030|AVENIDA AVENIDA DE MORATALAZ, 21|1,899|1,929|2.762161188265087
Madrid|28017|CALLE SANTA GENOVEVA, 26|1,840|1,915|4.085987920166387
Madrid|28017|CALLE RICARDO ORTIZ, 44|1,849|1,899|3.4437519438312987
Madrid|28017|AVENIDA DE DAROCA, 4|1,899|1,919|5.474903109674731
Madrid|28017|EMILIO FERRARI, 68|1,869|1,879|4.992069195669681
Madrid|28027|CALLE ALCALA, 415|1,949|1,919|5.535637196620283
Madrid|28027|ALCALA, 284-286|1,879|1,899|4.337775640007687
Madrid|28027|CALLE HERNANDEZ TEJADA, S/N ESQ. AGASTIA, S/N (A-2 KM 5,1), S,N|1,894|1,925|5.412234441508056
Madrid|28027|CL ALCALA, 510|1,899|1,949|6.70712564356461
Madrid|28027|ARTURO SORIA, 29|1,899|1,929|5.659422467150486
Madrid|28027|CALLE VIRGEN DE LLUC ,14, 14|1,909|1,875|4.299642774402327
Madrid|28037|CALLE ISAAC JIMENEZ, 3|||6.12577923092825
Madrid|28037|CALLE ALBASANZ, 69|1,819|1,859|6.811426321294632
Madrid|28037|Avda. Vicálvaro esq. Pobladura del Valle||1,909|7.140570652249846
Madrid|28037|Avda. Arcentales, 7||1,909|5.971610408928224
Madrid|28037|HNOS. GARCIA NOBLEJAS, 35|1,869|1,899|5.623688908155925
Madrid|28037|POBLADURA DEL VALLE, 31|1,899|1,915|6.663827940561389
Madrid|28043|CALLE LOPEZ DE HOYOS, 327|1,895|1,939|6.663837683672513
Madrid|28043|CL ARTURO SORIA, 175|1,895|1,939|6.058493269734986
Madrid|28043|SILVANO, 88-90|1,899|1,929|7.437295237604957
Madrid|28052|CR M-214, 4,6|1,885|1,939|8.809495334665488
Madrid|28052|CARRETERA CARRETERA VICALVARO-RIVAS KM. 3,600|1,879|1,859|11.042019545529017
Madrid|28052|CARRETERA VICALVARO KM. 3,6|1,879|1,859|10.990604908227278
Madrid|28052|CALLE RIVAS, 14|||8.91294187438034
Madrid|28052|CALLE PIROTECNIA, 2|1,757|1,817|8.047757785841934
Majadahonda|28220|CALLE BARBERO DE SEVILLA, 2|1,859|1,879|16.60633953782153
Majadahonda|28220|CARRETERA M-516 KM. 0,1|1,849|1,899|16.17713679787959
Majadahonda|28220|POLIGONO EL CARRALERO II, C/ DE LAS MORERAS, , PARCELA 37, 2|1,829|1,859|15.761037706010832
Majadahonda|28220|CL DR.MARAÑON C/V PL ESCORIAL, S.N.|1,899|1,929|17.01857352861605
Majadahonda|28220|CARRETERA DEL PLANTIO Nº66 KM. 1,2|1,899|1,929|15.098025408547608
Majadahonda|28220|CALLE MANUEL DE FALLA, 2|1,899|1,939|14.780507095158718
Majadahonda|28220|CALLE SARASATE, 1|1,854|1,915|14.597939579373879
Majadahonda|28220|CALLE CEREZA, 4|1,799|1,829|15.94780204065841
Majadahonda|28220|CALLE MARIANO ALCARAZ, POL IND EL CARRALERO, SN|1,819|1,849|15.601746239169689
Majadahonda|28220|CALLE BARBERO DE SEVILLA EL, 1|1,879|1,929|16.56030711845733
Manzanares el Real|28410|CARRETERA M-607 KM. 46|1,830|1,915|35.646772861900125
Manzanares el Real|28410|CL AVENIDA MADRID, 24|1,839|1,889|38.072678109419925
Meco|28880|AV. DE MADRID 51|1,869|1,929|33.833790817766385
Meco|28880|AU R-2 ,P.K. 35,5 M.D.|1,889|1,969|37.31428621204363
Meco|28880|AU R-2 ,P.K. 35,5 M.I.|1,889|1,969|37.48128593829927
Meco|28880|CAMINO DEL OLIVO, 1|1,747|1,797|33.924542393673164
Meco|28880|CARRETERA N-II KM. 38||1,889|36.35186734530313
Mejorada del Campo|28840|CALLE PORTUGAL, 30|1,839|1,819|17.445182703063594
Mejorada del Campo|28840|CALLE PORTUGAL, 3|1,887|1,948|17.48823404824976
Mejorada del Campo|28840|CALLE ARAGON, 18|1,849|1,799|18.093753108295566
Mejorada del Campo|28840|CARRETERA M208 KM. 9,600|1,889|1,899|16.992938006649844
Mejorada del Campo|28840|CALLE DURATON, 1|1,889|1,949|17.076315018646188
Mejorada del Campo|28840|CTRA: M-218 ESQ. C/ DUERO - POLÍGONO INDUSTRIAL|1,869|1,929|17.36608677871985
Miraflores de la Sierra|28792|CARRETERA M -611 KM. 7,6   GENERAL SANJURJO KM. 7,6|1,853|1,924|44.98842876821789
Miraflores de la Sierra|28792|CARRETERA M-610 KM. 19,8|1,854|1,925|45.346940858996064
Miraflores de la Sierra|28792|CR M-611, 3,1|1,869|1,929|41.82484798597839
Molar (El)|28710|AUTOVIA A-1 KM. 41|1,909|1,959|35.50370851628313
Molar (El)|28710|AUTOVIA A-1 KM. 40,2|1,909|1,959|35.09791535225868
Molar (El)|28710|AUTOVIA N-1 KM. 40,2|1,909|1,959|35.14976588967997
Moraleja de Enmedio|28950|AVENIDA FUENLABRADA, 30|1,869|1,915|21.15857661757442
Moraleja de Enmedio|28950|CALLE ROBLE, 6|1,829|1,799|21.238130165736973
Moralzarzal|28411|CALLE LAGO ONTARIO, 24|1,869|1,915|37.504760125326385
Moralzarzal|28411|CARRETERA COMARCAL 608 KM. 35,2|1,859|1,909|37.57190186907829
Morata de Tajuña|28530|CR M-311, 4,9|1,872|1,939|25.677271298675414
Móstoles|28931|CARRETERA M-856 (ENLACE N-V Y N-501) KM. 1|1,899|1,909|18.438288520057718
Móstoles|28934|GLORIETA LOS JAZMINES, S/N||1,879|16.39615330595766
Móstoles|28935|CARRETERA NACIONAL VKM 19 KM. |1,829|1,849|18.8115693377302
Móstoles|28935|CR A-5, 21|1,879|1,919|20.228499795729665
Móstoles|28935|CR A-5, 21|1,879|1,919|20.139088492801523
Móstoles|28935|AVENIDA PORTUGAL (DE), 80|1,864|1,919|18.438602557055326
Móstoles|28935|AVENIDA PORTUGAL (IZDO), 80|1,864|1,919|18.383522148945186
Móstoles|28935|CALLE JULIO CERVERA, 21|1,809|1,849|16.75160329683583
Móstoles|28933|CALLE FRAGUA, 16|1,799|1,839|16.05321830840017
Móstoles|28935|AVENIDA DE LAS NIEVES, 5|1,809|1,799|17.159098066757704
Móstoles|28937|CARRETERA SIMÓN HERNÁNDEZ, 61 KM. |1,829|1,879|16.883176429647005
Móstoles|28937|CL TORRES QUEVEDO, 2|1,889|1,939|16.635154559842633
Móstoles|28936|CALLE TORRES QUEVEDO, 6|1,769|1,769|16.641676725166814
Móstoles|28936|CALLE SIMON HERNANDEZ (DE), 73|1,768|1,758|16.685953074563695
Móstoles|28936|CALLE SIMON HERNANDEZ, 75|1,769|1,759|16.624127677396327
Móstoles|28938|CALLE E, 7|1,809|1,799|18.991368071690797
Móstoles|28938|CALLE ALFONSO XII, 20|1,767|1,767|18.251883410827197
Móstoles|28938|CALLE MORALEJA DE ENMEDIO, 6|1,839|1,859|18.310181043682352
Móstoles|28938|CALLE E, 12|1,854|1,919|19.007629133876318
Navacerrada|28491|CARRETERA M601 KM. 10,3|1,859|1,919|44.37729286242388
Navacerrada|28491|CARRETERA M-601 KM. 10,3|1,859|1,919|44.276982649942035
Navalcarnero|28600|AUTOVIA A-5 KM. 28,6|1,859|1,929|27.633783122804523
Navalcarnero|28600|AUTOVIA A-5 KM. 28,6|1,859|1,929|27.654107682860804
Navalcarnero|28600|AVENIDA CONSTITUCION, 170|1,859|1,929|29.759218303026813
Navalcarnero|28600|CARRETERA M600 KM. 45,800|1,845|1,899|28.518465037287545
Navalcarnero|28600|POLIGONO ALPARACHE, S/N|1,875|1,939|29.071428850399162
Navalcarnero|28600|CALLE CAMINO DE BASTOS, 6|1,789|1,799|29.40067211970787
Navalcarnero|28600|CALLE ZACARIAS (DE), 20|1,819|1,809|29.723772793459347
Navalcarnero|28600|CALLE MINA DEL COTORRO (DE LA), S/N|1,799|1,829|28.757672655364594
Navas del Rey|28695|CARRETERA M-501 KM. 40,500|1,834|1,904|46.47821984928203
Nuevo Baztán|28514|CR M-204, 27|1,862|1,952|38.395322283971524
Orusco de Tajuña|28570|CARRETERA M-204 KM. 14,700|1,789|1,869|43.525224678119116
Paracuellos de Jarama|28860|CALLE PASEO DE LAS CAMELIAS, 2|1,869|1,929|18.4035131036872
Paracuellos de Jarama|28860|CALLE MIGUEL DE CERVANTES, 2|1,865|1,949|15.857369615008665
Paracuellos de Jarama|28860|CARRETERA M-111 KM. 8,200|1,865|1,939|18.16314410601919
Paracuellos de Jarama|28860|CAMINO VIEJO DE COBEÑA, 34|1,824|1,874|17.65176360774705
Parla|28980|AVENIDA RONDA (DE), S/N|1,797|1,797|21.370191230160053
Parla|28980|CALLE TOLEDO CV VIA DE RONDA, SN|1,797|1,797|21.50359044265948
Parla|28980|CALLE REAL, 125|1,797|1,797|18.902146693728792
Parla|28980|CALLE REAL, S/N|1,865|1,949|21.09389071872034
Parla|28980|CR PARLA-PINTO, KM.  0.15|1,885|1,949|19.084871245277615
Parla|28980|CALLE LONDRES, 43|1,885|1,949|19.706581129309313
Parla|28980|CARRETERA PINTO-PARLA KM. 1|1,838|1,828|19.480192599081004
Parla|28980|CALLE BUENAVISTA, 2|1,859|1,929|18.61560391248261
Parla|28980|CARRETERA DE PARLA A PINTO M-408 KM. S/N|||19.513574464375974
Parla|28980|CALLE NANTES, 119|1,818|1,817|19.815578244932546
Parla|28980|AVENIDA CERRO DEL RUBAL, 12|1,805|1,785|19.964338109232024
Parla|28980|AVENIDA DE LAS LAGUNAS, 1|1,849|1,919|19.824662500456046
Parla|28980|AVENIDA CERRO DEL RUBAL, 1|1,805|1,785|19.908574342606194
Parla|28983|AVENIDA CERRO DEL RUBAL, 7|1,805|1,785|19.877103962528956
Pelayos de la Presa|28696|CR M-501, 48,2 (M-501 km 48,25)|1,825|1,925|52.8866635299188
Perales de Tajuña|28540|AUTOVIA A-3 (MADRID-LEVANTE) KM. 37,870|1,889|1,939|34.065498096343624
Perales de Tajuña|28540|CRTA. N-III PK. 41,00|1,899|1,919|36.77435329512909
Perales de Tajuña|28540|CARRETERA N-3 KM. 39,2|1,892|1,932|35.47986791392771
Perales de Tajuña|28540|AUTOVIA E-901/A-3 KM. 35,2|1,899|1,939|31.803650671928033
Perales de Tajuña|28540|AUTOVIA A-3 KM. 43,3|1,869|1,919|38.90327407954605
Pezuela de las Torres|28812|CARRETERA COMARCAL M236 KM. 51,600|1,845|1,899|46.739121705725445
Pinto|28320|AUTOVIA A - 4 KM. 23,300|1,869|1,919|21.289300413336672
Pinto|28320|AUTOPISTA A - 4 KM. 23,300|1,869|1,919|21.250780322466653
Pinto|28320|CARRETERA M-506 KM. 24,500|1,865|1,939|17.811697709835403
Pinto|28320|CR A-4  P.K. 20,20 D|1,899|1,919|18.13948972266573
Pinto|28320|CR A-4  P.K. 20,20 I|1,899|1,919|18.15239447657623
Pinto|28320|CARRETERA M-841 KM. 3,5|1,859|1,915|20.093094889190716
Pinto|28320|CARRETERA M506 PK 26 KM. 26|1,854|1,904|19.317267228852643
Pinto|28320|CARRETERA M-506 KM. 24|1,854|1,904|17.414049019199055
Pinto|28320|CALLE SIERRA NEVADA, 5|1,899|1,969|16.19814599278727
Pinto|28320|CALLE ARENAS (DE LAS), 2|1,889|1,919|15.821347599295665
Pinto|28320|CALLE COTO DE DOÑANA (DEL), 6|1,889|1,969|16.05989935434187
Pinto|28320|CALLE COTO DE DOÑANA, 1|1,889|1,919|16.13007778331525
Pinto|28320|CARRETERA M-841 KM. 1|1,869|1,889|18.440764637454752
Pinto|28320|CL.AGUILAS (P. IND. PINTO ESTACIÓN)|1,819|1,899|18.2603050904653
Pinto|28320|CALLE PABLO PICASSO, SN|1,818|1,817|18.923540875464337
Pozuelo de Alarcón|28223|CARRETERA M-503 VÍA DE LAS DOS CASTILLAS KM. 6,3|1,929|1,959|11.121875922216253
Pozuelo de Alarcón|28223|AVENIDA RADIO TELEVISION ESPAÑOLA, 1|1,929|1,959|8.095832605790624
Pozuelo de Alarcón|28223|CALLE LUIS BUÑUEL, 3|1,869|1,849|7.97603997319214
Pozuelo de Alarcón|28223|CARRETERA CARABANCHEL M-502 KM. 3600|1,969|1,969|8.11660627827932
Pozuelo de Alarcón|28223|CALLE BARLOVENTO, 30|1,839|1,879|8.978692215490527
Pozuelo de Alarcón|28223|CARRETERA POZUELO MAJADAHONDA KM. 2|1,819|1,829|12.953038724218176
Pozuelo de Alarcón|28224|TRAVESÍA PEÑALARA, 1|1,859|1,879|10.625903775565916
Pozuelo de Alarcón|28224|AVENIDA LEOPOLDO CALVO SOTELO-BUSTELO, 17|1,869|1,899|10.013063770505527
Pozuelo de Alarcón|28224|CALLE ENRIQUE GRANADOS, 1|1,859|1,879|11.235507876542918
Pozuelo de Alarcón|28224|CL MANUEL DE FALLA, 2|1,859|1,879|11.27295102004243
Rascafría|28740|AVENIDA DEL VALLE, 39|1,879|1,915|57.429254114026676
Rivas-Vaciamadrid|28529|AVENIDA DE LA TECNICA, S/N|1,869|1,919|13.627127363024872
Rivas-Vaciamadrid|28529|AVENIDA AURELIO ALVAREZ, S/N|1,869|1,919|15.814772519048027
Rivas-Vaciamadrid|28529|POLIGONO SANTA ANA, AVDA DE LA TECNICA, S/N|1,819|1,859|15.29891158663281
Rivas-Vaciamadrid|28529|CTRA. N-III km 19,5|1,859|1,879|17.37648736600518
Rivas-Vaciamadrid|28522|CALLE TURBINA (DE LA), 2|1,839||13.905756097236202
Rivas-Vaciamadrid|28522|CALLE CINCEL (DEL), 2|1,817|1,809|14.41042487859583
Rivas-Vaciamadrid|28522|CALLE CARRETILLA (DE LA), 23|1,839|1,819|14.03615865890962
Rivas-Vaciamadrid|28522|CALLE DE LA FUNDICION, 53|1,829|1,899|14.556367361874537
Rivas-Vaciamadrid|28522|AVENIDA PABLO IGLESIAS (DE), 78|1,817|1,809|15.513057436994727
Rivas-Vaciamadrid|28522|CALLE FUNDICION, 19|1,817|1,809|14.23693576198266
Rivas-Vaciamadrid|28522|CALLE SEVERO OCHOA, SN|1,829|1,859|15.825790421583475
Rivas-Vaciamadrid|28522|CALLE CINCEL (DEL), S|1,817|1,809|14.427405629349073
Robledo de Chavela|28294|CARRETERA VALDEMAQUEDA KM. 0|1,864|1,915|47.27159546370232
Rozas de Madrid (Las)|28230|CR A-6, 20,3|1,849|1,899|18.97902591209736
Rozas de Madrid (Las)|28230|CALLE CABO RUFINO LAZARO, 7|1,809|1,829|19.247976774080737
Rozas de Madrid (Las)|28230|CALLE INNOVACIÓN, 19|1,843|1,917|19.220777698814487
Rozas de Madrid (Las)|28230|CTRA. N-VI km 21,700|1,834|1,884|20.34712078321597
Rozas de Madrid (Las)|28230|CARRETERA MADRID-LA CORUÑA KM. 22|1,829|1,849|20.434622997383247
Rozas de Madrid (Las)|28230|CL LAS CRUCES  S/N|1,869|1,929|17.732527148777873
Rozas de Madrid (Las)|28230|CALLE COPENHAGUES/N, S/N|1,859|1,879|19.597148064899443
Rozas de Madrid (Las)|28230|A-6 km 25,5|1,859|1,879|23.492386861166487
Rozas de Madrid (Las)|28230|CTRA. M-505 km 5,5|1,859|1,879|21.683173917038765
Rozas de Madrid (Las)|28230|CARRETERA M-505 km 5.5|1,859|1,879|21.584948143477177
San Agustín del Guadalix|28750|AUTOVIA A 1 KM. 34|1,889|1,949|30.11743633764181
San Fernando de Henares|28830|AVENIDA CASTILLA (DE), 43|1,869|1,879|17.60589199267588
San Fernando de Henares|28830|CALLE LA PRESA, S/N|1,869|1,929|14.090372315586777
San Fernando de Henares|28830|AV MARTIN LUTHER KING, S/N ESQUINA M-216|1,869|1,929|14.550421013753473
San Fernando de Henares|28830|CARRETERA NACIONAL II KM. 16|1,839|1,869|14.656290855547633
San Fernando de Henares|28830|AV. CASTILLA, 4|1,849|1,929|16.264463221216726
San Fernando de Henares|28830|CALLE CERRAJEROS, 10|1,879|1,989|16.588355142862735
San Fernando de Henares|28830|CALLE CERRAJEROS (DE LOS), 10|1,879|1,989|16.62351029972223
San Fernando de Henares|28830|CR N-2, 16,3|1,869|1,959|15.092969724483853
San Fernando de Henares|28830|CR N-2, 16,3|1,869|1,959|15.01133665023347
San Fernando de Henares|28830|CALLE DE LOS HERRADORES, 1|1,865|1,959|16.865972740451856
San Fernando de Henares|28830|CALLE CERRAJEROS DE LOS, 10|||16.62351029972223
San Lorenzo de El Escorial|28200|CARRETERA GUADARRAMA KM. 57|1,697|1,787|42.47610150275982
San Lorenzo de El Escorial|28200|CR M-600, 3|1,845|1,919|43.00532571153835
San Lorenzo de El Escorial|28200|CR M-600, 3|1,845|1,919|42.89573241102468
San Lorenzo de El Escorial|28200|AUTOPISTA AP-6 KM. 42,3|1,854|1,915|39.082619696243476
San Lorenzo de El Escorial|28200|C/Las Pozas, s/n - P.I. Matacuervos|1,779|1,849|42.4864870052221
San Lorenzo de El Escorial|28200|CALLE JUAN DE TOLEDO, 8|1,779|1,849|43.14798658811982
San Martín de la Vega|28330|AVENIDA DOCTOR MANUEL JARABO (DEL), 74|1,859|1,899|23.97137110915065
San Martín de la Vega|28330|CARRETERA M-506 KM. 46,500|1,772|1,849|21.832686809529324
San Martín de la Vega|28330|CARRETERA M-506 KM. 36,330|1,829|1,899|21.939761971369
San Martín de Valdeiglesias|28680|CARRETERA M-501 KM. 54,1|1,845|1,949|58.42498456176584
San Martín de Valdeiglesias|28680|AVENIDA DE MADRID, 34|1,739|1,799|59.45134854367932
San Sebastián de los Reyes|28700|N-I (MADRID-BURGOS) km 24,100||1,889|22.23742147052644
San Sebastián de los Reyes|28700|PASEO EUROPA, 22|1,799|1,829|16.268197563687547
San Sebastián de los Reyes|28700|AVENIDA FUENTE NUEVA, 18|1,799|1,819|16.788505282977376
San Sebastián de los Reyes|28700|AUTOVIA NACIONAL I KM. 26,200|||24.115594854672008
San Sebastián de los Reyes|28700|CL AVDA TENERIFE, 18|1,829|1,879|17.843702082050196
San Sebastián de los Reyes|28700|AVENIDA EINSTEIN, 5|1,869|1,939|16.540724061231355
San Sebastián de los Reyes|28700|CR N-1, 18,6|1,869|1,939|16.810669748669813
San Sebastián de los Reyes|28700|CL REAL  (ANTIGUA N-1), 120|1,859|1,909|17.074867974139206
San Sebastián de los Reyes|28700|AVENIDA TENERIFE (DE), 14|1,809|1,859|17.719120683387832
San Sebastián de los Reyes|28700|AUTOVIA NACIONAL I KM. 26,200|1,899|1,899|24.13816677843741
San Sebastián de los Reyes|28700|AVENIDA TENERIFE, 10|1,799|1,829|17.672790217254672
San Sebastián de los Reyes|28700|N-I  (BURGOS-MADRID) km 24,100|1,869|1,849|22.184675546780976
San Sebastián de los Reyes|28700|CTRA. BURGOS|1,909|1,909|22.169477197209588
San Sebastián de los Reyes|28700|AVENIDA MATAPIÑONERA, 20|1,799|1,829|16.421318117448664
San Sebastián de los Reyes|28700|AVENIDA PIRINEOS (DE LOS), 21|1,799|1,829|17.307917562223675
San Sebastián de los Reyes|28700|CARRETERA ANTIGUA N-I CV CAMINO REDESA KM. S/N|1,829|1,879|18.84817836204202
San Sebastián de los Reyes|28700|AVENIDA FUENTENUEVA, 1|1,819|1,879|16.85659090376925
San Sebastián de los Reyes|28700|GLORIETA ANTONIO GAUDI, |1,859|1,909|17.82269109074397
Serna del Monte (La)|28737|AUTOVIA N-1 KM. 80,200|1,859|1,929|69.82050221899374
Serna del Monte (La)|28737|AUTOVIA A-I KM. 81|1,869|1,909|70.38775889733888
Sevilla la Nueva|28609|CARRETERA M-600 KM. 44|1,839|1,889|28.728110220376546
Sevilla la Nueva|28609|CARRETERA M-600 KM. 44|1,839|1,889|28.649745909150187
Somosierra|28756|AUTOVIA A-1 KM. 92,5|1,879|1,919|81.19296182966866
Soto del Real|28791|CARRETERA M-609 KM. 3|1,839|1,909|35.29208045361235
Soto del Real|28791|CARRETERA M-609 KM. 3|1,839|1,909|35.22943408905979
Talamanca de Jarama|28160|CR M-103, 23,5|1,859|1,949|38.96549422714049
Tielmes|28550|AVENIDA FERROCARRIL (DEL), 1|1,879|1,899|36.718287415153156
Torrejón de Ardoz|28850|AVENIDA DE LA CIRCUNVALACION, 24|1,879|1,769|20.442893590377498
Torrejón de Ardoz|28850|AVENIDA DE LA CONSTITUCION, 262|1,829|1,849|22.387636641891117
Torrejón de Ardoz|28850|AVENIDA DE LAS ESTACIONES, 2|1,904|1,909|18.214647454774568
Torrejón de Ardoz|28850|CALLE LONDRES, 30|1,839|1,839|19.82706451271362
Torrejón de Ardoz|28850|CARRETERA DE TORREJON A LOECHES KM. 1,100|1,869|1,929|19.746643431190964
Torrejón de Ardoz|28850|AVENIDA DE LAS FRONTERAS, S/N|1,869|1,929|18.549475466624518
Torrejón de Ardoz|28850|AVENIDA PREMIOS NOBEL, 1|1,818|1,817|21.699798304754232
Torrejón de Ardoz|28850|CALLE LOECHES, S/N|1,839|1,869|19.345141577885048
Torrejón de Ardoz|28850|CARRETERA LOECHES-AJALVIR, KM. 12,500|1,732|1,759|19.32407276125647
Torrejón de Ardoz|28850|AVENIDA DEL SOL, S,N|1,879|1,929|18.406847955512678
Torrejón de Ardoz|28850|AVENIDA DE LA CONSTITUCION, 108|1,829|1,859|19.91858447354452
Torrejón de Ardoz|28850|CALLE SOLANA DE LA, 17|1,809|1,809|19.754638618124428
Torrejón de Ardoz|28850|AVENIDA CONSTITUCION, 167|1,879|1,929|20.067003648545363
Torrejón de Ardoz|28850|AVENIDA CONSTITUCION, 225|1,879|1,929|21.724623986225787
Torrejón de Ardoz|28850|POZO DE LAS NIEVES, S.N.|1,879|1,929|19.92209550580344
Torrejón de Ardoz|28850|CALLE OLMO, 1|1,777|1,777|20.410960585921472
Torrejón de Ardoz|28850|POLIGONO CASABLANCA C/JACINTO BENAVENTE, 6|1,819|1,769|23.54118394531548
Torrejón de Ardoz|28850|AVENIDA SOL, 50|1,829|1,757|18.396274128457083
Torrejón de Ardoz|28850|AVENIDA CONSTITUCIÓN, 1|1,767|1,777|18.00265846406034
Torrejón de Ardoz|28850|CALLE SOLANA, 56|1,779|1,779|20.238239676035494
Torrejón de Ardoz|28850|CALLE CHARCA DE LOS PECES, 2|1,777|1,777|19.619004175038715
Torrejón de Ardoz|28850|CARRETERA DE LA BASE KM. S/N|1,798|1,798|23.03409588218277
Torrejón de Ardoz|28850|CALLE MARIO VARGAS LLOSA, 4|1,799|1,799|22.74875638576495
Torrejón de la Calzada|28991|CALLE GENERALISIMO, 1|1,894|1,939|24.62465773896733
Torrejón de la Calzada|28991|CALLE GENERALISIMO, 1|1,894|1,939|24.653832326111555
Torrejón de Velasco|28990|CARRETERA C-404 KM. 28|1,859|1,919|25.37645473349019
Torrejón de Velasco|28990|CARRETERA M-404 KM. 31|1,869|1,929|25.41613715197221
Torrelaguna|28180|CALLE MALACUERA, 63|1,889|1,969|47.700284308653565
Torrelodones|28250|CR A-6, 28,2|1,849|1,899|25.890390059822185
Torrelodones|28250|CALLE CAMINO DE VALLADOLID, 1|1,865|1,899|27.03056676324283
Torres de la Alameda|28813|CALLE BRUSELAS, 4|1,779|1,819|27.240937178031572
Torres de la Alameda|28813|CALLE MADRID, 46|||26.777297226608585
Torres de la Alameda|28813|MADRID Nº 3, POL.IND.|1,859|1,899|27.378394114331815
Tres Cantos|28760|AVENIDA INDUSTRIA, 44|1,667|1,697|22.743233417745028
Tres Cantos|28760|CL AVDA DE LA INDUSTRIA, 33|1,829|1,829|22.751312010546467
Tres Cantos|28760|AVENIDA INDUSTRIA (DE LA), S/N|1,839|1,869|21.794857346574087
Tres Cantos|28760|CALLE YUNQUE, 6|1,752|1,798|22.75522020285491
Tres Cantos|28760|CL AV DE LA INDUSTRIA, 58|1,829|1,819|22.835735914437002
Tres Cantos|28760|AVENIDA INDUSTRIA (DE LA), 52|1,667|1,697|22.78297706013371
Tres Cantos|28760|CL AVENIDA ARTESANOS, 40|1,819|1,799|22.665269758156214
Valdemorillo|28210|CARRETERA M-600 KM. 14|1,829|1,879|38.25245441426538
Valdemorillo|28210|CALLE SAN JUAN, 38|1,849|1,919|32.59388001716094
Valdemoro|28340|AVENIDA ANDALUCIA, 7|1,884|1,915|24.541386403507097
Valdemoro|28340|AVENIDA ANDALUCIA DE, 519|1,849|1,869|26.536876720814398
Valdemoro|28340|AVENIDA MADRID (DE), 7|1,849|1,849|22.418390608387966
Valdemoro|28340|CALLE AGUADO, 11|1,839|1,899|24.929870024965798
Valdemoro|28340|CL.TENERIAS Nº 50|1,899|1,894|23.530995056873998
Valdemoro|28340|CARRETERA ANDALUCIA KM. 28,230|1,815|1,815|25.903061525207
Valdemoro|28340|CALLE ROSALIA DE CASTRO, 14|1,869|1,929|23.89824936577029
Valdemoro|28340|CALLE NARCISO MONTURIOL, 32|1,869|1,929|27.510225239458848
Valdemoro|28340|PASEO JUNCAREJO/CL DE AGORA, 0|1,869|1,929|25.123649258038327
Valdemoro|28340|CALLE ARTURO DUPERIER, S/N|1,839|1,819|27.175224325327495
Valdemoro|28340|AVENIDA ANDALUCIA (DE), 118|1,818|1,817|23.476170234766908
Valdemoro|28340|AVENIDA MADRID (DE), 6|1,829|1,829|22.6445161007521
Valdemoro|28340|CALLE NARCISO MONTURIOL, 28|||27.23392933883594
Valdemoro|28340|RONDA COMUNIDADES (DE LAS), 107|1,816|1,816|25.06532572954564
Valdemoro|28340|CALLE NARCISO MONTURIOL, 30|1,818|1,817|27.36349499757575
Valdetorres de Jarama|28150|CALLE ARROYO DE LA HIRUELA, 2|1,889|1,989|36.01379151937052
Velilla de San Antonio|28891|CARRETERA M-208 KM. 3,800|1,859|1,935|19.42703549478558
Velilla de San Antonio|28891|CALLE TAMBORA, 4|||20.22098442344373
Venturada|28729|AUTOVIA E-5/A-1 KM. 49|1,909|1,959|43.16690212107868
Villa del Prado|28630|CARRETERA M-507 KM. 27,5|1,869|1,925|53.570006870088434
Villa del Prado|28630|CALLE JUAN MARIA LEONET ZABALA, 19|1,839|1,869|54.57420537060107
Villaconejos|28360|CL CARRETERA ARANJUEZ ,56 (CR M-305 (M-305 km 19,8)|1,849|1,879|38.43127259407898
Villalbilla|28810|CARRETERA ALCALA-PASTRANA KM. 4,400|1,869|1,929|29.874654409917458
Villalbilla|28810|CARRETERA M-300 KM. 8,1|1,869|1,929|28.343594452856042
Villalbilla|28810|CARRETERA M-233 KM. 6,800|1,729|1,729|35.022881451499515
Villalbilla|28810|CALLE SEVERO OCHOA, 48|1,749|1,749|31.951513902275146
Villalbilla|28810|CALLE JAIME FERRAN, 31|1,739|1,739|31.39521635384779
Villalbilla|28810|CARRETERA ALCALA VILLAR DEL OLMO (DE) M-204 KM. 39|1,869|1,929|32.048067712342274
Villamanta|28610|CARRETERA M-507 KM. 6,700|1,869|1,949|35.54111011852876
Villanueva de la Cañada|28691|CARRETERA M-600 KM. 28|1,839|1,879|28.019802612900836
Villanueva de la Cañada|28691|CARRETERA M-600 KM. 28|1,839|1,879|28.027451091957797
Villanueva de la Cañada|28691|AVENIDA SIERRA DE GUADARRAMA, 10|1,819|1,849|27.108752105948934
Villanueva de Perales|28609|CARRETERA M-501 KM. 27|1,839|1,909|34.05539866694249
Villanueva de Perales|28609|CARRETERA M-501 KM. 26,800|1,839|1,909|33.99671922155156
Villanueva del Pardillo|28229|CARRETERA M-509 KM. 4,4|1,859|1,859|22.74840593217933
Villanueva del Pardillo|28229|CR M-509, 7,300|1,869|1,869|25.261213024301
Villarejo de Salvanés|28590|AUTOVIA A-3 KM. 49,3|1,869|1,919|43.81014544293269
Villarejo de Salvanés|28590|AUTOVIA A-3 KM. 49,4|1,869|1,919|43.83218364291165
Villarejo de Salvanés|28590|CL FRAY JOSE DE SAN JACINTO 10||1,819|43.80970114870759
Villarejo de Salvanés|28590|AVENIDA JUAN CARLOS I REY DE ESPAÑA, 3|1,769|1,819|43.07761756920773
Villaviciosa de Odón|28670|AVENIDA QUITAPESARES, 33|1,799|1,849|18.51110191910534
Villaviciosa de Odón|28670|POLIGONO INDUSRIAL PINARES LLANOS, C/CARPINTEROS, S/N|1,854|1,915|19.04111455061288
Villaviciosa de Odón|28670|CARRETERA M-50 KM. 66,5|1,889|1,949|15.809347029729254
Villaviciosa de Odón|28670|CARRETERA M-50 KM. 66,5|1,889|1,949|15.630468662238595
Villaviciosa de Odón|28670|AVENIDA QUITAPESARES, 1|1,869|1,929|18.95485221172918
